{
  "config": {
    "corpus_id": "msmarco-passage",
    "eval_id": "msmarco-passage/dev/small",
    "doc_sizes": [
      1000,
      5000,
      10000,
      50000,
      100000,
      1000000,
      8000000
    ],
    "query_sizes": [
      500
    ],
    "top_k": 100,
    "search_warmup_runs": 1,
    "search_repeats": 3,
    "bm25s": {
      "k1": 1.5,
      "b": 0.75,
      "method": "lucene",
      "stemmer_lang": "english",
      "stopwords": "english"
    },
    "bm25_pt": {
      "k1": 1.5,
      "b": 0.75,
      "device": "auto",
      "tokenizer": "default",
      "internal_query_batch_size": 128,
      "cuda_doc_limit": 8000000,
      "force_cpu_if_large": true
    },
    "torch_version": "2.12.0+cu130",
    "cuda_available": true
  },
  "results": [
    {
      "engine": "bm25s",
      "device": "cpu",
      "doc_size": 1000,
      "query_size": 500,
      "top_k": 100,
      "index_total_s": 0.06761704478412867,
      "index_tokenization_s": 0.03572225198149681,
      "index_core_s": 0.031894792802631855,
      "search_total_s_mean": 0.013141444729020199,
      "search_total_s_std": 0.0011730315817369491,
      "avg_ms_per_query_mean": 0.026282889458040398,
      "avg_ms_per_query_std": 0.0023460631634738983,
      "qps_mean": 38346.92604354663,
      "qps_std": 3359.695868629425,
      "search_tokenization_s_mean": 0.010523133755971989,
      "search_retrieval_s_mean": 0.00261831097304821,
      "search_tokenization_s_std": 0.0009461401068947206,
      "search_tokenization_s_min": 0.009363383054733276,
      "search_tokenization_s_max": 0.011680941097438335,
      "search_retrieval_s_std": 0.0002661604642826574,
      "search_retrieval_s_min": 0.002400123979896307,
      "search_retrieval_s_max": 0.002993031870573759,
      "search_total_s_min": 0.01182516012340784,
      "search_total_s_max": 0.014673972968012094,
      "avg_ms_per_query_min": 0.02365032024681568,
      "avg_ms_per_query_max": 0.02934794593602419,
      "qps_min": 34073.9349247783,
      "qps_max": 42282.72554299309
    },
    {
      "engine": "bm25_pt",
      "device": "cuda",
      "doc_size": 1000,
      "query_size": 500,
      "top_k": 100,
      "index_total_s": 0.32630262384191155,
      "index_tokenization_s": NaN,
      "index_core_s": 0.32630262384191155,
      "search_total_s_mean": 0.026044362069418032,
      "search_total_s_std": 0.0009885108842288396,
      "avg_ms_per_query_mean": 0.052088724138836064,
      "avg_ms_per_query_std": 0.0019770217684576792,
      "qps_mean": 19226.186311112284,
      "qps_std": 742.4469080145741,
      "search_tokenization_s_mean": NaN,
      "search_retrieval_s_mean": 0.026044362069418032,
      "search_tokenization_s_std": NaN,
      "search_tokenization_s_min": NaN,
      "search_tokenization_s_max": NaN,
      "search_retrieval_s_std": 0.0009885108842288396,
      "search_retrieval_s_min": 0.02471018908545375,
      "search_retrieval_s_max": 0.02707299729809165,
      "search_total_s_min": 0.02471018908545375,
      "search_total_s_max": 0.02707299729809165,
      "avg_ms_per_query_min": 0.0494203781709075,
      "avg_ms_per_query_max": 0.0541459945961833,
      "qps_min": 18468.586780202742,
      "qps_max": 20234.56794567133
    },
    {
      "engine": "bm25s",
      "device": "cpu",
      "doc_size": 5000,
      "query_size": 500,
      "top_k": 100,
      "index_total_s": 0.20157187432050705,
      "index_tokenization_s": 0.11335414834320545,
      "index_core_s": 0.0882177259773016,
      "search_total_s_mean": 0.012421947283049425,
      "search_total_s_std": 0.0003729986107270367,
      "avg_ms_per_query_mean": 0.02484389456609885,
      "avg_ms_per_query_std": 0.0007459972214540734,
      "qps_mean": 40287.15802241228,
      "qps_std": 1193.0588154641332,
      "search_tokenization_s_mean": 0.008538780423502127,
      "search_retrieval_s_mean": 0.003883166859547297,
      "search_tokenization_s_std": 0.00014018094548825787,
      "search_tokenization_s_min": 0.00840784516185522,
      "search_tokenization_s_max": 0.008733158931136131,
      "search_retrieval_s_std": 0.00040488753818972357,
      "search_retrieval_s_min": 0.0035597337409853935,
      "search_retrieval_s_max": 0.0044540828093886375,
      "search_total_s_min": 0.012043529190123081,
      "search_total_s_max": 0.012929419986903667,
      "avg_ms_per_query_min": 0.024087058380246162,
      "avg_ms_per_query_max": 0.025858839973807335,
      "qps_min": 38671.494970884596,
      "qps_max": 41516.06992492291
    },
    {
      "engine": "bm25_pt",
      "device": "cuda",
      "doc_size": 5000,
      "query_size": 500,
      "top_k": 100,
      "index_total_s": 0.9017380271106958,
      "index_tokenization_s": NaN,
      "index_core_s": 0.9017380271106958,
      "search_total_s_mean": 0.028291751630604267,
      "search_total_s_std": 0.0027344408364940427,
      "avg_ms_per_query_mean": 0.056583503261208534,
      "avg_ms_per_query_std": 0.0054688816729880855,
      "qps_mean": 17831.560421251033,
      "qps_std": 1642.3294754100343,
      "search_tokenization_s_mean": NaN,
      "search_retrieval_s_mean": 0.028291751630604267,
      "search_tokenization_s_std": NaN,
      "search_tokenization_s_min": NaN,
      "search_tokenization_s_max": NaN,
      "search_retrieval_s_std": 0.0027344408364940427,
      "search_retrieval_s_min": 0.02564169652760029,
      "search_retrieval_s_max": 0.032055765856057405,
      "search_total_s_min": 0.02564169652760029,
      "search_total_s_max": 0.032055765856057405,
      "avg_ms_per_query_min": 0.05128339305520058,
      "avg_ms_per_query_max": 0.06411153171211481,
      "qps_min": 15597.817947797297,
      "qps_max": 19499.489804109042
    },
    {
      "engine": "bm25s",
      "device": "cpu",
      "doc_size": 10000,
      "query_size": 500,
      "top_k": 100,
      "index_total_s": 0.4104788792319596,
      "index_tokenization_s": 0.2301253662444651,
      "index_core_s": 0.18035351298749447,
      "search_total_s_mean": 0.014243798330426216,
      "search_total_s_std": 0.0008385398362649991,
      "avg_ms_per_query_mean": 0.028487596660852432,
      "avg_ms_per_query_std": 0.0016770796725299967,
      "qps_mean": 35223.9067531809,
      "qps_std": 2055.52325515106,
      "search_tokenization_s_mean": 0.009666244965046644,
      "search_retrieval_s_mean": 0.004577553365379572,
      "search_tokenization_s_std": 0.000531148440553727,
      "search_tokenization_s_min": 0.008935105055570602,
      "search_tokenization_s_max": 0.01018099207431078,
      "search_retrieval_s_std": 0.0006284447519229034,
      "search_retrieval_s_min": 0.003954578191041946,
      "search_retrieval_s_max": 0.005437985993921757,
      "search_total_s_min": 0.013275200966745615,
      "search_total_s_max": 0.015320623759180307,
      "avg_ms_per_query_min": 0.02655040193349123,
      "avg_ms_per_query_max": 0.03064124751836061,
      "qps_min": 32635.746942117406,
      "qps_max": 37664.21323884288
    },
    {
      "engine": "bm25_pt",
      "device": "cuda",
      "doc_size": 10000,
      "query_size": 500,
      "top_k": 100,
      "index_total_s": 1.7842251900583506,
      "index_tokenization_s": NaN,
      "index_core_s": 1.7842251900583506,
      "search_total_s_mean": 0.03188126301392913,
      "search_total_s_std": 0.0007663765358931373,
      "avg_ms_per_query_mean": 0.06376252602785826,
      "avg_ms_per_query_std": 0.0015327530717862746,
      "qps_mean": 15692.33562065305,
      "qps_std": 380.37642446145236,
      "search_tokenization_s_mean": NaN,
      "search_retrieval_s_mean": 0.03188126301392913,
      "search_tokenization_s_std": NaN,
      "search_tokenization_s_min": NaN,
      "search_tokenization_s_max": NaN,
      "search_retrieval_s_std": 0.0007663765358931373,
      "search_retrieval_s_min": 0.03086731070652604,
      "search_retrieval_s_max": 0.03271978860720992,
      "search_total_s_min": 0.03086731070652604,
      "search_total_s_max": 0.03271978860720992,