doc_size,query_size,bm25_pt,bm25s,speedup_bm25s_vs_bm25pt,winner_search
1000,500,0.026044362069418032,0.013141444729020199,1.9818492263567014,bm25s
5000,500,0.028291751630604267,0.012421947283049425,2.2775617208752967,bm25s
10000,500,0.03188126301392913,0.014243798330426216,2.2382557148276576,bm25s
50000,500,0.06696490291506052,0.01618046530832847,4.1386265251959165,bm25s
100000,500,0.10930395250519116,0.021355124190449715,5.118394607795037,bm25s
1000000,500,0.8883797507733107,0.14277228293940425,6.222354454823412,bm25s
8000000,500,,2.2019474672464034,,bm25_pt
